{"epoch_acc": 0.4, "_timestamp": 1678376836.7232811, "_runtime": 1669.1691401004791, "_step": 50, "acc": 0.572, "std": 0.171802211860034, "_wandb": {"runtime": 1667}}