{"epoch_acc": 0.3, "_timestamp": 1678378755.4511306, "_runtime": 1906.1243586540222, "_step": 50, "acc": 0.359, "std": 0.12397177098033246, "_wandb": {"runtime": 1904}}