{"epoch_acc": 0.17857142857142858, "_timestamp": 1678378117.8076081, "_runtime": 2483.9874641895294, "_step": 50, "acc": 0.20780159993263442, "std": 0.1150346443443567, "_wandb": {"runtime": 2482}}