{"epoch_acc": 0.5, "_timestamp": 1678375477.7053604, "_runtime": 1647.5232474803925, "_step": 50, "acc": 0.569, "std": 0.14761097520171051, "_wandb": {"runtime": 1645}}