{"epoch_acc": 0.4, "_timestamp": 1678380896.4854221, "_runtime": 2128.044669151306, "_step": 50, "acc": 0.4809999999999999, "std": 0.16458736281987144, "_wandb": {"runtime": 2126}}