{"epoch_acc": 0.2, "_timestamp": 1678369243.1066532, "_runtime": 1632.2849621772766, "_step": 50, "acc": 0.337, "std": 0.1195031380341119, "_wandb": {"runtime": 1634}}