{"epoch_acc": 0.15, "_timestamp": 1678372091.3558166, "_runtime": 2833.8066685199738, "_step": 50, "acc": 0.36800000000000005, "std": 0.13219682295728594, "_wandb": {"runtime": 2832}}