{"epoch_acc": 0.3, "_timestamp": 1678373815.113278, "_runtime": 1706.0393497943878, "_step": 50, "acc": 0.575, "std": 0.14773286702694158, "_wandb": {"runtime": 1704}}