{"epoch_acc": 0.45, "_timestamp": 1678380236.6722846, "_runtime": 2101.670635700226, "_step": 50, "acc": 0.475, "std": 0.1603901493234544, "_wandb": {"runtime": 2099}}