{"epoch_acc": 0.25925925925925924, "_timestamp": 1678375601.1565003, "_runtime": 90.40280342102051, "_step": 1, "_wandb": {"runtime": 106}}